{"cameraMode":{"drawMode":0,"name":"Shaded","section":"Shading Mode"},"sceneLighting":false,"audioPlay":false,"sceneViewState":{"m_AlwaysRefresh":false,"showFog":true,"showSkybox":false,"showFlares":true,"showImageEffects":true,"showParticleSystems":true,"showVisualEffectGraphs":true,"m_FxEnabled":true},"in2DMode":false,"pivot":{"x":-83.95999908447266,"y":5.951910972595215,"z":-39.14985656738281},"rotation":{"x":0.43862438201904299,"y":-0.005099513567984104,"z":-0.016141079366207124,"w":0.9003908634185791},"size":15.380356788635254,"orthographic":false}