{"cameraMode":{"drawMode":0,"name":"Shaded","section":"Shading Mode"},"sceneLighting":false,"audioPlay":false,"sceneViewState":{"m_AlwaysRefresh":false,"showFog":true,"showSkybox":false,"showFlares":true,"showImageEffects":true,"showParticleSystems":true,"showVisualEffectGraphs":true,"m_FxEnabled":true},"in2DMode":false,"pivot":{"x":1.583607792854309,"y":-5.270962715148926,"z":-39.691932678222659},"rotation":{"x":-0.0069047026336193089,"y":0.9956358075141907,"z":-0.08347050100564957,"w":0.06660641729831696},"size":14.458518981933594,"orthographic":false}