{"cameraMode":{"drawMode":0,"name":"Shaded","section":"Shading Mode"},"sceneLighting":false,"audioPlay":false,"sceneViewState":{"m_AlwaysRefresh":false,"showFog":true,"showSkybox":false,"showFlares":true,"showImageEffects":true,"showParticleSystems":true,"showVisualEffectGraphs":true,"m_FxEnabled":true},"in2DMode":false,"pivot":{"x":-1.125396966934204,"y":-3.412818193435669,"z":-37.581764221191409},"rotation":{"x":0.011174920946359635,"y":-1.0004178285598755,"z":0.040956251323223117,"w":-0.008739376440644265},"size":12.19749927520752,"orthographic":false}