{"cameraMode":{"drawMode":0,"name":"Shaded","section":"Shading Mode"},"sceneLighting":false,"audioPlay":false,"sceneViewState":{"m_AlwaysRefresh":false,"showFog":true,"showSkybox":false,"showFlares":true,"showImageEffects":true,"showParticleSystems":true,"showVisualEffectGraphs":true,"m_FxEnabled":true},"in2DMode":false,"pivot":{"x":0.4601465165615082,"y":-5.318789958953857,"z":-37.335655212402347},"rotation":{"x":0.008923799730837345,"y":-0.9975117444992065,"z":0.0787234753370285,"w":-0.03761811554431915},"size":12.694816589355469,"orthographic":false}