{"cameraMode":{"drawMode":0,"name":"Shaded","section":"Shading Mode"},"sceneLighting":true,"audioPlay":false,"sceneViewState":{"m_AlwaysRefresh":false,"showFog":true,"showSkybox":true,"showFlares":true,"showImageEffects":true,"showParticleSystems":true,"showVisualEffectGraphs":true,"m_FxEnabled":true},"in2DMode":false,"pivot":{"x":62.68234634399414,"y":36.87198257446289,"z":23.065832138061525},"rotation":{"x":-0.014930940233170987,"y":0.7685509324073792,"z":0.0003096145810559392,"w":-0.6417281031608582},"size":15.434436798095704,"orthographic":false}