{"cameraMode":{"drawMode":0,"name":"Shaded","section":"Shading Mode"},"sceneLighting":true,"audioPlay":false,"sceneViewState":{"m_AlwaysRefresh":false,"showFog":true,"showSkybox":true,"showFlares":true,"showImageEffects":true,"showParticleSystems":true,"showVisualEffectGraphs":true,"m_FxEnabled":true},"in2DMode":false,"pivot":{"x":14.023974418640137,"y":1.142442226409912,"z":-43.834774017333987},"rotation":{"x":0.12942636013031007,"y":0.45054689049720766,"z":-0.08286819607019425,"w":0.8813623189926148},"size":11.328291893005371,"orthographic":false}