{"cameraMode":{"drawMode":0,"name":"Shaded","section":"Shading Mode"},"sceneLighting":true,"audioPlay":false,"sceneViewState":{"m_AlwaysRefresh":false,"showFog":true,"showSkybox":true,"showFlares":true,"showImageEffects":true,"showParticleSystems":true,"showVisualEffectGraphs":true,"m_FxEnabled":true},"in2DMode":false,"pivot":{"x":362.42181396484377,"y":15.125473976135254,"z":132.6612091064453},"rotation":{"x":0.09315084666013718,"y":-0.6416230797767639,"z":0.04346994310617447,"w":0.7624047994613648},"size":4.205860614776611,"orthographic":false}