{"cameraMode":{"drawMode":0,"name":"Shaded","section":"Shading Mode"},"sceneLighting":true,"audioPlay":false,"sceneViewState":{"m_AlwaysRefresh":false,"showFog":true,"showSkybox":true,"showFlares":true,"showImageEffects":true,"showParticleSystems":true,"showVisualEffectGraphs":true,"m_FxEnabled":true},"in2DMode":false,"pivot":{"x":407.8936462402344,"y":8.138550758361817,"z":198.02584838867188},"rotation":{"x":-0.016036637127399446,"y":-0.9477329254150391,"z":0.3145301938056946,"w":-0.07454032450914383},"size":11.925186157226563,"orthographic":false}