{"cameraMode":{"drawMode":0,"name":"Shaded","section":"Shading Mode"},"sceneLighting":false,"audioPlay":false,"sceneViewState":{"m_AlwaysRefresh":false,"showFog":true,"showSkybox":false,"showFlares":true,"showImageEffects":true,"showParticleSystems":true,"showVisualEffectGraphs":true,"m_FxEnabled":true},"in2DMode":false,"pivot":{"x":-3.7230372428894045,"y":-1.0248759984970093,"z":-3.7318503856658937},"rotation":{"x":0.15253576636314393,"y":-0.21688726544380189,"z":0.018730472773313524,"w":0.9656777381896973},"size":3.8491499423980715,"orthographic":false}